MAE,RMSE,R2,MedianAE,model,fit_time_seconds
3.254082691136336,7.076414228009006,0.38899967352476617,1.386169525717928,HistGradientBoosting_Tuned,42.3918993473053
3.265029507186484,7.041183816436055,0.39506834290046433,1.383267505996151,RandomForest_Tuned,274.95657300949097
